(DecisionAttributeID),(AttributeName),(AttributeBeh),(AttributeDescription),(AttributeExtStrFamily)
0,directory_create_0,directory_create,创建目录_自启动项设置文件夹,1
1,directory_create_1,directory_create,创建目录_系统关键文件夹,2
2,directory_create_2,directory_create,创建目录_操作系统安装文件夹,3
3,directory_create_3,directory_create,创建目录_我的文档,4
4,directory_create_4,directory_create,创建目录_操作系统相关文件夹,5
5,directory_create_5,directory_create,创建目录_网络临时文件夹,6
6,directory_create_6,directory_create,创建目录_自身所在文件夹,7
7,directory_create_7,directory_create,创建目录_驱动程序相关文件夹,8
8,directory_create_8,directory_create,创建目录_应用程序配置文件夹,11
9,directory_create_9,directory_create,创建目录_IE浏览器安装文件夹,12
10,directory_create_10,directory_create,创建目录_临时文件夹,13
11,directory_create_11,directory_create,创建目录_可执行文件,29
12,directory_create_12,directory_create,创建目录_服务模块,30
13,directory_create_13,directory_create,创建目录_脚本文件,31
14,directory_create_14,directory_create,创建目录_配置文件,32
15,directory_create_15,directory_create,创建目录_动态链接库文件,33
16,directory_create_16,directory_create,创建目录_临时文件,34
17,directory_create_17,directory_create,创建目录_二进制数据文件,35
18,directory_create_18,directory_create,创建目录_杀毒软件进程名,36
19,directory_create_19,directory_create,创建目录_系统重要进程名,37
20,directory_create_20,directory_create,创建目录_系统关键配置文件,38
21,directory_create_21,directory_create,创建目录_磁盘自动运行配置文件,39
22,directory_create_22,directory_create,创建目录_IE浏览器进程,40
23,directory_create_23,directory_create,创建目录_与正常进程混淆的进程名,41
24,directory_create_24,directory_create,创建目录_移动存储设备位置,44
25,directory_create_25,directory_create,创建目录_系统日志文件,46
26,directory_create_x,directory_create,创建目录_其他,NULL
27,directory_remove_0,directory_remove,删除目录_自启动项设置文件夹,1
28,directory_remove_1,directory_remove,删除目录_系统关键文件夹,2
29,directory_remove_2,directory_remove,删除目录_操作系统安装文件夹,3
30,directory_remove_3,directory_remove,删除目录_我的文档,4
31,directory_remove_4,directory_remove,删除目录_操作系统相关文件夹,5
32,directory_remove_5,directory_remove,删除目录_网络临时文件夹,6
33,directory_remove_6,directory_remove,删除目录_自身所在文件夹,7
34,directory_remove_7,directory_remove,删除目录_驱动程序相关文件夹,8
35,directory_remove_8,directory_remove,删除目录_应用程序配置文件夹,11
36,directory_remove_9,directory_remove,删除目录_IE浏览器安装文件夹,12
37,directory_remove_10,directory_remove,删除目录_临时文件夹,13
38,directory_remove_11,directory_remove,删除目录_可执行文件,29
39,directory_remove_12,directory_remove,删除目录_服务模块,30
40,directory_remove_13,directory_remove,删除目录_脚本文件,31
41,directory_remove_14,directory_remove,删除目录_配置文件,32
42,directory_remove_15,directory_remove,删除目录_动态链接库文件,33
43,directory_remove_16,directory_remove,删除目录_临时文件,34
44,directory_remove_17,directory_remove,删除目录_二进制数据文件,35
45,directory_remove_18,directory_remove,删除目录_杀毒软件进程名,36
46,directory_remove_19,directory_remove,删除目录_系统重要进程名,37
47,directory_remove_20,directory_remove,删除目录_系统关键配置文件,38
48,directory_remove_21,directory_remove,删除目录_磁盘自动运行配置文件,39
49,directory_remove_22,directory_remove,删除目录_IE浏览器进程,40
50,directory_remove_23,directory_remove,删除目录_与正常进程混淆的进程名,41
51,directory_remove_24,directory_remove,删除目录_移动存储设备位置,44
52,directory_remove_25,directory_remove,删除目录_系统日志文件,46
53,directory_remove_x,directory_remove,删除目录_其他,NULL
54,disk_freespace_get,disk_freespace_get,获取磁盘空闲空间,NULL
55,disk_label_set,disk_label_set,设置磁盘卷标,NULL
56,dlldirectory_set_0,dlldirectory_set,添加Dll目录_自启动项设置文件夹,1
57,dlldirectory_set_1,dlldirectory_set,添加Dll目录_系统关键文件夹,2
58,dlldirectory_set_2,dlldirectory_set,添加Dll目录_操作系统安装文件夹,3
59,dlldirectory_set_3,dlldirectory_set,添加Dll目录_我的文档,4
60,dlldirectory_set_4,dlldirectory_set,添加Dll目录_操作系统相关文件夹,5
61,dlldirectory_set_5,dlldirectory_set,添加Dll目录_网络临时文件夹,6
62,dlldirectory_set_6,dlldirectory_set,添加Dll目录_自身所在文件夹,7
63,dlldirectory_set_7,dlldirectory_set,添加Dll目录_驱动程序相关文件夹,8
64,dlldirectory_set_8,dlldirectory_set,添加Dll目录_即时通讯工具相关文件夹,9
65,dlldirectory_set_9,dlldirectory_set,添加Dll目录_下载工具相关文件夹,10
66,dlldirectory_set_10,dlldirectory_set,添加Dll目录_应用程序配置文件夹,11
67,dlldirectory_set_11,dlldirectory_set,添加Dll目录_IE浏览器安装文件夹,12
68,dlldirectory_set_12,dlldirectory_set,添加Dll目录_临时文件夹,13
69,dlldirectory_set_x,dlldirectory_set,添加Dll目录_其他,NULL
70,drive_info_get_0,drive_info_get,磁盘卷属性获取_移动存储设备位置,44
71,drive_info_get_x,drive_info_get,磁盘卷属性获取_其他,NULL
72,drive_strings_get,drive_strings_get,获取逻辑磁盘描述串,NULL
73,file_attributes_get_0,file_attributes_get,获取文件属性_自启动项设置文件夹,1
74,file_attributes_get_1,file_attributes_get,获取文件属性_系统关键文件夹,2
75,file_attributes_get_2,file_attributes_get,获取文件属性_操作系统安装文件夹,3
76,file_attributes_get_3,file_attributes_get,获取文件属性_我的文档,4
77,file_attributes_get_4,file_attributes_get,获取文件属性_操作系统相关文件夹,5
78,file_attributes_get_5,file_attributes_get,获取文件属性_网络临时文件夹,6
79,file_attributes_get_6,file_attributes_get,获取文件属性_自身所在文件夹,7
80,file_attributes_get_7,file_attributes_get,获取文件属性_驱动程序相关文件夹,8
81,file_attributes_get_8,file_attributes_get,获取文件属性_应用程序配置文件夹,11
82,file_attributes_get_9,file_attributes_get,获取文件属性_IE浏览器安装文件夹,12
83,file_attributes_get_10,file_attributes_get,获取文件属性_临时文件夹,13
84,file_attributes_get_11,file_attributes_get,获取文件属性_可执行文件,29
85,file_attributes_get_12,file_attributes_get,获取文件属性_服务模块,30
86,file_attributes_get_13,file_attributes_get,获取文件属性_脚本文件,31
87,file_attributes_get_14,file_attributes_get,获取文件属性_配置文件,32
88,file_attributes_get_15,file_attributes_get,获取文件属性_动态链接库文件,33
89,file_attributes_get_16,file_attributes_get,获取文件属性_临时文件,34
90,file_attributes_get_17,file_attributes_get,获取文件属性_二进制数据文件,35
91,file_attributes_get_18,file_attributes_get,获取文件属性_杀毒软件进程名,36
92,file_attributes_get_19,file_attributes_get,获取文件属性_系统重要进程名,37
93,file_attributes_get_20,file_attributes_get,获取文件属性_系统关键配置文件,38
94,file_attributes_get_21,file_attributes_get,获取文件属性_磁盘自动运行配置文件,39
95,file_attributes_get_22,file_attributes_get,获取文件属性_IE浏览器进程,40
96,file_attributes_get_23,file_attributes_get,获取文件属性_与正常进程混淆的进程名,41
97,file_attributes_get_24,file_attributes_get,获取文件属性_移动存储设备位置,44
98,file_attributes_get_25,file_attributes_get,获取文件属性_系统日志文件,46
99,file_attributes_get_26,file_attributes_get,获取文件属性_常用软件进程名,53
100,file_attributes_get_x,file_attributes_get,获取文件属性_其他,NULL
101,file_attributes_set_0,file_attributes_set,设置文件属性_自启动项设置文件夹,1
102,file_attributes_set_1,file_attributes_set,设置文件属性_系统关键文件夹,2
103,file_attributes_set_2,file_attributes_set,设置文件属性_操作系统安装文件夹,3
104,file_attributes_set_3,file_attributes_set,设置文件属性_我的文档,4
105,file_attributes_set_4,file_attributes_set,设置文件属性_操作系统相关文件夹,5
106,file_attributes_set_5,file_attributes_set,设置文件属性_网络临时文件夹,6
107,file_attributes_set_6,file_attributes_set,设置文件属性_自身所在文件夹,7
108,file_attributes_set_7,file_attributes_set,设置文件属性_驱动程序相关文件夹,8
109,file_attributes_set_8,file_attributes_set,设置文件属性_应用程序配置文件夹,11
110,file_attributes_set_9,file_attributes_set,设置文件属性_IE浏览器安装文件夹,12
111,file_attributes_set_10,file_attributes_set,设置文件属性_临时文件夹,13
112,file_attributes_set_11,file_attributes_set,设置文件属性_可执行文件,29
113,file_attributes_set_12,file_attributes_set,设置文件属性_服务模块,30
114,file_attributes_set_13,file_attributes_set,设置文件属性_脚本文件,31
115,file_attributes_set_14,file_attributes_set,设置文件属性_配置文件,32
116,file_attributes_set_15,file_attributes_set,设置文件属性_动态链接库文件,33
117,file_attributes_set_16,file_attributes_set,设置文件属性_临时文件,34
118,file_attributes_set_17,file_attributes_set,设置文件属性_二进制数据文件,35
119,file_attributes_set_18,file_attributes_set,设置文件属性_杀毒软件进程名,36
120,file_attributes_set_19,file_attributes_set,设置文件属性_系统重要进程名,37
121,file_attributes_set_20,file_attributes_set,设置文件属性_系统关键配置文件,38
122,file_attributes_set_21,file_attributes_set,设置文件属性_磁盘自动运行配置文件,39
123,file_attributes_set_22,file_attributes_set,设置文件属性_IE浏览器进程,40
124,file_attributes_set_23,file_attributes_set,设置文件属性_与正常进程混淆的进程名,41
125,file_attributes_set_24,file_attributes_set,设置文件属性_移动存储设备位置,44
126,file_attributes_set_25,file_attributes_set,设置文件属性_常用软件进程名,53
127,file_attributes_set_x,file_attributes_set,设置文件属性_其他,NULL
128,file_copy_0,file_copy,复制文件_自启动项设置文件夹,1
129,file_copy_1,file_copy,复制文件_系统关键文件夹,2
130,file_copy_2,file_copy,复制文件_操作系统安装文件夹,3
131,file_copy_3,file_copy,复制文件_我的文档,4
132,file_copy_4,file_copy,复制文件_操作系统相关文件夹,5
133,file_copy_5,file_copy,复制文件_网络临时文件夹,6
134,file_copy_6,file_copy,复制文件_驱动程序相关文件夹,8
135,file_copy_7,file_copy,复制文件_应用程序配置文件夹,11
136,file_copy_8,file_copy,复制文件_IE浏览器安装文件夹,12
137,file_copy_9,file_copy,复制文件_临时文件夹,13
138,file_copy_10,file_copy,复制文件_可执行文件,29
139,file_copy_11,file_copy,复制文件_服务模块,30
140,file_copy_12,file_copy,复制文件_脚本文件,31
141,file_copy_13,file_copy,复制文件_配置文件,32
142,file_copy_14,file_copy,复制文件_动态链接库文件,33
143,file_copy_15,file_copy,复制文件_临时文件,34
144,file_copy_16,file_copy,复制文件_二进制数据文件,35
145,file_copy_17,file_copy,复制文件_杀毒软件进程名,36
146,file_copy_18,file_copy,复制文件_系统重要进程名,37
147,file_copy_19,file_copy,复制文件_系统关键配置文件,38
148,file_copy_20,file_copy,复制文件_磁盘自动运行配置文件,39
149,file_copy_21,file_copy,复制文件_IE浏览器进程,40
150,file_copy_22,file_copy,复制文件_与正常进程混淆的进程名,41
151,file_copy_23,file_copy,复制文件_移动存储设备位置,44
152,file_copy_24,file_copy,复制文件_常用软件进程名,53
153,file_copy_x,file_copy,复制文件_其他,NULL
154,file_create_0,file_create,创建文件_自启动项设置文件夹,1
155,file_create_1,file_create,创建文件_系统关键文件夹,2
156,file_create_2,file_create,创建文件_操作系统安装文件夹,3
157,file_create_3,file_create,创建文件_我的文档,4
158,file_create_4,file_create,创建文件_操作系统相关文件夹,5
159,file_create_5,file_create,创建文件_网络临时文件夹,6
160,file_create_6,file_create,创建文件_自身所在文件夹,7
161,file_create_7,file_create,创建文件_驱动程序相关文件夹,8
162,file_create_8,file_create,创建文件_应用程序配置文件夹,11
163,file_create_9,file_create,创建文件_IE浏览器安装文件夹,12
164,file_create_10,file_create,创建文件_临时文件夹,13
165,file_create_11,file_create,创建文件_可执行文件,29
166,file_create_12,file_create,创建文件_服务模块,30
167,file_create_13,file_create,创建文件_脚本文件,31
168,file_create_14,file_create,创建文件_配置文件,32
169,file_create_15,file_create,创建文件_动态链接库文件,33
170,file_create_16,file_create,创建文件_临时文件,34
171,file_create_17,file_create,创建文件_二进制数据文件,35
172,file_create_18,file_create,创建文件_杀毒软件进程名,36
173,file_create_19,file_create,创建文件_系统重要进程名,37
174,file_create_20,file_create,创建文件_系统关键配置文件,38
175,file_create_21,file_create,创建文件_磁盘自动运行配置文件,39
176,file_create_22,file_create,创建文件_IE浏览器进程,40
177,file_create_23,file_create,创建文件_与正常进程混淆的进程名,41
178,file_create_24,file_create,创建文件_移动存储设备位置,44
179,file_create_25,file_create,创建文件_常用软件进程名,53
180,file_create_x,file_create,创建文件_其他,NULL
181,file_delete_0,file_delete,删除文件_自启动项设置文件夹,1
182,file_delete_1,file_delete,删除文件_系统关键文件夹,2
183,file_delete_2,file_delete,删除文件_操作系统安装文件夹,3
184,file_delete_3,file_delete,删除文件_我的文档,4
185,file_delete_4,file_delete,删除文件_操作系统相关文件夹,5
186,file_delete_5,file_delete,删除文件_网络临时文件夹,6
187,file_delete_6,file_delete,删除文件_自身所在文件夹,7
188,file_delete_7,file_delete,删除文件_驱动程序相关文件夹,8
189,file_delete_8,file_delete,删除文件_应用程序配置文件夹,11
190,file_delete_9,file_delete,删除文件_IE浏览器安装文件夹,12
191,file_delete_10,file_delete,删除文件_临时文件夹,13
192,file_delete_11,file_delete,删除文件_可执行文件,29
193,file_delete_12,file_delete,删除文件_服务模块,30
194,file_delete_13,file_delete,删除文件_脚本文件,31
195,file_delete_14,file_delete,删除文件_配置文件,32
196,file_delete_15,file_delete,删除文件_动态链接库文件,33
197,file_delete_16,file_delete,删除文件_临时文件,34
198,file_delete_17,file_delete,删除文件_二进制数据文件,35
199,file_delete_18,file_delete,删除文件_杀毒软件进程名,36
200,file_delete_19,file_delete,删除文件_系统重要进程名,37
201,file_delete_20,file_delete,删除文件_系统关键配置文件,38
202,file_delete_21,file_delete,删除文件_磁盘自动运行配置文件,39
203,file_delete_22,file_delete,删除文件_IE浏览器进程,40
204,file_delete_23,file_delete,删除文件_与正常进程混淆的进程名,41
205,file_delete_24,file_delete,删除文件_移动存储设备位置,44
206,file_delete_25,file_delete,删除文件_常用软件进程名,53
207,file_delete_x,file_delete,删除文件_其他,NULL
208,file_end_set_0,file_end_set,设置文件结尾_自启动项设置文件夹,1
209,file_end_set_1,file_end_set,设置文件结尾_系统关键文件夹,2
210,file_end_set_2,file_end_set,设置文件结尾_操作系统安装文件夹,3
211,file_end_set_3,file_end_set,设置文件结尾_我的文档,4
212,file_end_set_4,file_end_set,设置文件结尾_操作系统相关文件夹,5
213,file_end_set_5,file_end_set,设置文件结尾_网络临时文件夹,6
214,file_end_set_6,file_end_set,设置文件结尾_自身所在文件夹,7
215,file_end_set_7,file_end_set,设置文件结尾_驱动程序相关文件夹,8
216,file_end_set_8,file_end_set,设置文件结尾_应用程序配置文件夹,11
217,file_end_set_9,file_end_set,设置文件结尾_IE浏览器安装文件夹,12
218,file_end_set_10,file_end_set,设置文件结尾_临时文件夹,13
219,file_end_set_11,file_end_set,设置文件结尾_可执行文件,29
220,file_end_set_12,file_end_set,设置文件结尾_服务模块,30
221,file_end_set_13,file_end_set,设置文件结尾_脚本文件,31
222,file_end_set_14,file_end_set,设置文件结尾_配置文件,32
223,file_end_set_15,file_end_set,设置文件结尾_动态链接库文件,33
224,file_end_set_16,file_end_set,设置文件结尾_临时文件,34
225,file_end_set_17,file_end_set,设置文件结尾_二进制数据文件,35
226,file_end_set_18,file_end_set,设置文件结尾_杀毒软件进程名,36
227,file_end_set_19,file_end_set,设置文件结尾_系统重要进程名,37
228,file_end_set_20,file_end_set,设置文件结尾_系统关键配置文件,38
229,file_end_set_21,file_end_set,设置文件结尾_磁盘自动运行配置文件,39
230,file_end_set_22,file_end_set,设置文件结尾_IE浏览器进程,40
231,file_end_set_23,file_end_set,设置文件结尾_与正常进程混淆的进程名,41
232,file_end_set_24,file_end_set,设置文件结尾_移动存储设备位置,44
233,file_end_set_25,file_end_set,设置文件结尾_系统日志文件,46
234,file_end_set_26,file_end_set,设置文件结尾_常用软件进程名,53
235,file_end_set_x,file_end_set,设置文件结尾_其他,NULL
236,file_find_0,file_find,查找文件_自启动项设置文件夹,1
237,file_find_1,file_find,查找文件_系统关键文件夹,2
238,file_find_2,file_find,查找文件_操作系统安装文件夹,3
239,file_find_3,file_find,查找文件_我的文档,4
240,file_find_4,file_find,查找文件_操作系统相关文件夹,5
241,file_find_5,file_find,查找文件_网络临时文件夹,6
242,file_find_6,file_find,查找文件_自身所在文件夹,7
243,file_find_7,file_find,查找文件_驱动程序相关文件夹,8
244,file_find_8,file_find,查找文件_即时通讯工具相关文件夹,9
245,file_find_9,file_find,查找文件_下载工具相关文件夹,10
246,file_find_10,file_find,查找文件_应用程序配置文件夹,11
247,file_find_11,file_find,查找文件_IE浏览器安装文件夹,12
248,file_find_12,file_find,查找文件_临时文件夹,13
249,file_find_13,file_find,查找文件_可执行文件,29
250,file_find_14,file_find,查找文件_服务模块,30
251,file_find_15,file_find,查找文件_脚本文件,31
252,file_find_16,file_find,查找文件_配置文件,32
253,file_find_17,file_find,查找文件_动态链接库文件,33
254,file_find_18,file_find,查找文件_临时文件,34
255,file_find_19,file_find,查找文件_二进制数据文件,35
256,file_find_20,file_find,查找文件_杀毒软件进程名,36
257,file_find_21,file_find,查找文件_系统重要进程名,37
258,file_find_22,file_find,查找文件_系统关键配置文件,38
259,file_find_23,file_find,查找文件_磁盘自动运行配置文件,39
260,file_find_24,file_find,查找文件_IE浏览器进程,40
261,file_find_25,file_find,查找文件_与正常进程混淆的进程名,41
262,file_find_26,file_find,查找文件_移动存储设备位置,44
263,file_find_27,file_find,查找文件_常用软件进程名,53
264,file_find_x,file_find,查找文件_其他,NULL
265,file_move_0,file_move,移动文件_自启动项设置文件夹,1
266,file_move_1,file_move,移动文件_系统关键文件夹,2
267,file_move_2,file_move,移动文件_操作系统安装文件夹,3
268,file_move_3,file_move,移动文件_我的文档,4
269,file_move_4,file_move,移动文件_操作系统相关文件夹,5
270,file_move_5,file_move,移动文件_网络临时文件夹,6
271,file_move_6,file_move,移动文件_驱动程序相关文件夹,8
272,file_move_7,file_move,移动文件_应用程序配置文件夹,11
273,file_move_8,file_move,移动文件_IE浏览器安装文件夹,12
274,file_move_9,file_move,移动文件_临时文件夹,13
275,file_move_10,file_move,移动文件_可执行文件,29
276,file_move_11,file_move,移动文件_服务模块,30
277,file_move_12,file_move,移动文件_脚本文件,31
278,file_move_13,file_move,移动文件_配置文件,32
279,file_move_14,file_move,移动文件_动态链接库文件,33
280,file_move_15,file_move,移动文件_临时文件,34
281,file_move_16,file_move,移动文件_二进制数据文件,35
282,file_move_17,file_move,移动文件_杀毒软件进程名,36
283,file_move_18,file_move,移动文件_系统重要进程名,37
284,file_move_19,file_move,移动文件_系统关键配置文件,38
285,file_move_20,file_move,移动文件_磁盘自动运行配置文件,39
286,file_move_21,file_move,移动文件_IE浏览器进程,40
287,file_move_22,file_move,移动文件_与正常进程混淆的进程名,41
288,file_move_23,file_move,移动文件_移动存储设备位置,44
289,file_move_24,file_move,移动文件_常用软件进程名,53
290,file_move_x,file_move,移动文件_其他,NULL
291,file_open_0,file_open,打开文件_自启动项设置文件夹,1
292,file_open_1,file_open,打开文件_系统关键文件夹,2
293,file_open_2,file_open,打开文件_操作系统安装文件夹,3
294,file_open_3,file_open,打开文件_我的文档,4
295,file_open_4,file_open,打开文件_操作系统相关文件夹,5
296,file_open_5,file_open,打开文件_网络临时文件夹,6
297,file_open_6,file_open,打开文件_自身所在文件夹,7
298,file_open_7,file_open,打开文件_驱动程序相关文件夹,8
299,file_open_8,file_open,打开文件_应用程序配置文件夹,11
300,file_open_9,file_open,打开文件_IE浏览器安装文件夹,12
301,file_open_10,file_open,打开文件_临时文件夹,13
302,file_open_11,file_open,打开文件_可执行文件,29
303,file_open_12,file_open,打开文件_服务模块,30
304,file_open_13,file_open,打开文件_脚本文件,31
305,file_open_14,file_open,打开文件_配置文件,32
306,file_open_15,file_open,打开文件_动态链接库文件,33
307,file_open_16,file_open,打开文件_临时文件,34
308,file_open_17,file_open,打开文件_二进制数据文件,35
309,file_open_18,file_open,打开文件_杀毒软件进程名,36
310,file_open_19,file_open,打开文件_系统重要进程名,37
311,file_open_20,file_open,打开文件_系统关键配置文件,38
312,file_open_21,file_open,打开文件_磁盘自动运行配置文件,39
313,file_open_22,file_open,打开文件_IE浏览器进程,40
314,file_open_23,file_open,打开文件_与正常进程混淆的进程名,41
315,file_open_24,file_open,打开文件_移动存储设备位置,44
316,file_open_25,file_open,打开文件_常用软件进程名,53
317,file_open_x,file_open,打开文件_其他,NULL
318,file_pointer_set,file_pointer_set,设置文件指针,NULL
319,file_read_0,file_read,读取文件_自启动项设置文件夹,1
320,file_read_1,file_read,读取文件_系统关键文件夹,2
321,file_read_2,file_read,读取文件_操作系统安装文件夹,3
322,file_read_3,file_read,读取文件_我的文档,4
323,file_read_4,file_read,读取文件_操作系统相关文件夹,5
324,file_read_5,file_read,读取文件_网络临时文件夹,6
325,file_read_6,file_read,读取文件_自身所在文件夹,7
326,file_read_7,file_read,读取文件_驱动程序相关文件夹,8
327,file_read_8,file_read,读取文件_应用程序配置文件夹,11
328,file_read_9,file_read,读取文件_IE浏览器安装文件夹,12
329,file_read_10,file_read,读取文件_临时文件夹,13
330,file_read_11,file_read,读取文件_可执行文件,29
331,file_read_12,file_read,读取文件_服务模块,30
332,file_read_13,file_read,读取文件_脚本文件,31
333,file_read_14,file_read,读取文件_配置文件,32
334,file_read_15,file_read,读取文件_动态链接库文件,33
335,file_read_16,file_read,读取文件_临时文件,34
336,file_read_17,file_read,读取文件_二进制数据文件,35
337,file_read_18,file_read,读取文件_杀毒软件进程名,36
338,file_read_19,file_read,读取文件_系统重要进程名,37
339,file_read_20,file_read,读取文件_系统关键配置文件,38
340,file_read_21,file_read,读取文件_磁盘自动运行配置文件,39
341,file_read_22,file_read,读取文件_IE浏览器进程,40
342,file_read_23,file_read,读取文件_与正常进程混淆的进程名,41
343,file_read_24,file_read,读取文件_移动存储设备位置,44
344,file_read_25,file_read,读取文件_系统日志文件,46
345,file_read_26,file_read,读取文件_常用软件进程名,53
346,file_read_x,file_read,读取文件_其他,NULL
347,file_search,file_search,寻找文件,NULL
348,file_security_set_0,file_security_set,设置文件安全属性_自启动项设置文件夹,1
349,file_security_set_1,file_security_set,设置文件安全属性_系统关键文件夹,2
350,file_security_set_2,file_security_set,设置文件安全属性_操作系统安装文件夹,3
351,file_security_set_3,file_security_set,设置文件安全属性_我的文档,4
352,file_security_set_4,file_security_set,设置文件安全属性_操作系统相关文件夹,5
353,file_security_set_5,file_security_set,设置文件安全属性_网络临时文件夹,6
354,file_security_set_6,file_security_set,设置文件安全属性_自身所在文件夹,7
355,file_security_set_7,file_security_set,设置文件安全属性_驱动程序相关文件夹,8
356,file_security_set_8,file_security_set,设置文件安全属性_应用程序配置文件夹,11
357,file_security_set_9,file_security_set,设置文件安全属性_IE浏览器安装文件夹,12
358,file_security_set_10,file_security_set,设置文件安全属性_临时文件夹,13
359,file_security_set_11,file_security_set,设置文件安全属性_可执行文件,29
360,file_security_set_12,file_security_set,设置文件安全属性_服务模块,30
361,file_security_set_13,file_security_set,设置文件安全属性_脚本文件,31
362,file_security_set_14,file_security_set,设置文件安全属性_配置文件,32
363,file_security_set_15,file_security_set,设置文件安全属性_动态链接库文件,33
364,file_security_set_16,file_security_set,设置文件安全属性_临时文件,34
365,file_security_set_17,file_security_set,设置文件安全属性_二进制数据文件,35
366,file_security_set_18,file_security_set,设置文件安全属性_杀毒软件进程名,36
367,file_security_set_19,file_security_set,设置文件安全属性_系统重要进程名,37
368,file_security_set_20,file_security_set,设置文件安全属性_系统关键配置文件,38
369,file_security_set_21,file_security_set,设置文件安全属性_磁盘自动运行配置文件,39
370,file_security_set_22,file_security_set,设置文件安全属性_IE浏览器进程,40
371,file_security_set_23,file_security_set,设置文件安全属性_与正常进程混淆的进程名,41
372,file_security_set_24,file_security_set,设置文件安全属性_移动存储设备位置,44
373,file_security_set_25,file_security_set,设置文件安全属性_系统日志文件,46
374,file_security_set_26,file_security_set,设置文件安全属性_常用软件进程名,53
375,file_security_set_x,file_security_set,设置文件安全属性_其他,NULL
376,file_size_get,file_size_get,获取文件大小,NULL
377,file_time_get,file_time_get,获取文件时间属性,NULL
378,file_time_set_0,file_time_set,设置文件时间_自启动项设置文件夹,1
379,file_time_set_1,file_time_set,设置文件时间_系统关键文件夹,2
380,file_time_set_2,file_time_set,设置文件时间_操作系统安装文件夹,3
381,file_time_set_3,file_time_set,设置文件时间_我的文档,4
382,file_time_set_4,file_time_set,设置文件时间_操作系统相关文件夹,5
383,file_time_set_5,file_time_set,设置文件时间_网络临时文件夹,6
384,file_time_set_6,file_time_set,设置文件时间_自身所在文件夹,7
385,file_time_set_7,file_time_set,设置文件时间_驱动程序相关文件夹,8
386,file_time_set_8,file_time_set,设置文件时间_应用程序配置文件夹,11
387,file_time_set_9,file_time_set,设置文件时间_IE浏览器安装文件夹,12
388,file_time_set_10,file_time_set,设置文件时间_临时文件夹,13
389,file_time_set_11,file_time_set,设置文件时间_可执行文件,29
390,file_time_set_12,file_time_set,设置文件时间_服务模块,30
391,file_time_set_13,file_time_set,设置文件时间_脚本文件,31
392,file_time_set_14,file_time_set,设置文件时间_配置文件,32
393,file_time_set_15,file_time_set,设置文件时间_动态链接库文件,33
394,file_time_set_16,file_time_set,设置文件时间_临时文件,34
395,file_time_set_17,file_time_set,设置文件时间_二进制数据文件,35
396,file_time_set_18,file_time_set,设置文件时间_杀毒软件进程名,36
397,file_time_set_19,file_time_set,设置文件时间_系统重要进程名,37
398,file_time_set_20,file_time_set,设置文件时间_系统关键配置文件,38
399,file_time_set_21,file_time_set,设置文件时间_磁盘自动运行配置文件,39
400,file_time_set_22,file_time_set,设置文件时间_IE浏览器进程,40
401,file_time_set_23,file_time_set,设置文件时间_与正常进程混淆的进程名,41
402,file_time_set_24,file_time_set,设置文件时间_移动存储设备位置,44
403,file_time_set_25,file_time_set,设置文件时间_常用软件进程名,53
404,file_time_set_x,file_time_set,设置文件时间_其他,NULL
405,file_type_get,file_type_get,获取文件类型,NULL
406,file_write_0,file_write,写入文件_自启动项设置文件夹,1
407,file_write_1,file_write,写入文件_系统关键文件夹,2
408,file_write_2,file_write,写入文件_操作系统安装文件夹,3
409,file_write_3,file_write,写入文件_我的文档,4
410,file_write_4,file_write,写入文件_操作系统相关文件夹,5
411,file_write_5,file_write,写入文件_网络临时文件夹,6
412,file_write_6,file_write,写入文件_自身所在文件夹,7
413,file_write_7,file_write,写入文件_驱动程序相关文件夹,8
414,file_write_8,file_write,写入文件_应用程序配置文件夹,11
415,file_write_9,file_write,写入文件_IE浏览器安装文件夹,12
416,file_write_10,file_write,写入文件_临时文件夹,13
417,file_write_11,file_write,写入文件_可执行文件,29
418,file_write_12,file_write,写入文件_服务模块,30
419,file_write_13,file_write,写入文件_脚本文件,31
420,file_write_14,file_write,写入文件_配置文件,32
421,file_write_15,file_write,写入文件_动态链接库文件,33
422,file_write_16,file_write,写入文件_临时文件,34
423,file_write_17,file_write,写入文件_二进制数据文件,35
424,file_write_18,file_write,写入文件_杀毒软件进程名,36
425,file_write_19,file_write,写入文件_系统重要进程名,37
426,file_write_20,file_write,写入文件_系统关键配置文件,38
427,file_write_21,file_write,写入文件_磁盘自动运行配置文件,39
428,file_write_22,file_write,写入文件_IE浏览器进程,40
429,file_write_23,file_write,写入文件_与正常进程混淆的进程名,41
430,file_write_24,file_write,写入文件_移动存储设备位置,44
431,file_write_25,file_write,写入文件_常用软件进程名,53
432,file_write_x,file_write,写入文件_其他,NULL
433,systemdirectory_get,systemdirectory_get,获取系统文件夹,NULL
434,tempfilename_get,tempfilename_get,获取临时文件名,NULL
435,temppath_get,temppath_get,获取临时文件夹路径,NULL
436,windowsdirectory_get,windowsdirectory_get,获取操作系统文件夹,NULL
437,reg_create_or_open_0,reg_create_or_open,打开或创建注册表项_自启动项位置,14
438,reg_create_or_open_1,reg_create_or_open,打开或创建注册表项_文件关联设置位置,15
439,reg_create_or_open_2,reg_create_or_open,打开或创建注册表项_资源管理器相关设置位置,16
440,reg_create_or_open_3,reg_create_or_open,打开或创建注册表项_IE浏览器相关设置位置,17
441,reg_create_or_open_4,reg_create_or_open,打开或创建注册表项_系统服务相关设置位置,18
442,reg_create_or_open_5,reg_create_or_open,打开或创建注册表项_网络服务相关设置位置,19
443,reg_create_or_open_6,reg_create_or_open,打开或创建注册表项_浏览器加载项设置位置,20
444,reg_create_or_open_7,reg_create_or_open,打开或创建注册表项_镜像劫持注册表位置,21
445,reg_create_or_open_8,reg_create_or_open,打开或创建注册表项_防火墙设置位置,22
446,reg_create_or_open_9,reg_create_or_open,打开或创建注册表项_系统默认加载DLL位置,23
447,reg_create_or_open_10,reg_create_or_open,打开或创建注册表项_操作系统设置位置,24
448,reg_create_or_open_11,reg_create_or_open,打开或创建注册表项_右键菜单关联设置,25
449,reg_create_or_open_12,reg_create_or_open,打开或创建注册表项_默认网络配置设置,26
450,reg_create_or_open_13,reg_create_or_open,打开或创建注册表项_浏览器安全设置,27
451,reg_create_or_open_14,reg_create_or_open,打开或创建注册表项_系统启动以及设备配置设置,28
452,reg_create_or_open_15,reg_create_or_open,打开或创建注册表项_Explorer设置,48
453,reg_create_or_open_16,reg_create_or_open,打开或创建注册表项_禁用任务管理器,49
454,reg_create_or_open_17,reg_create_or_open,打开或创建注册表项_禁用注册表编辑器,50
455,reg_create_or_open_18,reg_create_or_open,打开或创建注册表项_Explorer插件,51
456,reg_create_or_open_x,reg_create_or_open,打开或创建注册表项_其他,NULL
457,reg_info_query_0,reg_info_query,获取注册表信息_自启动项位置,14
458,reg_info_query_1,reg_info_query,获取注册表信息_文件关联设置位置,15
459,reg_info_query_2,reg_info_query,获取注册表信息_资源管理器相关设置位置,16
460,reg_info_query_3,reg_info_query,获取注册表信息_IE浏览器相关设置位置,17
461,reg_info_query_4,reg_info_query,获取注册表信息_系统服务相关设置位置,18
462,reg_info_query_5,reg_info_query,获取注册表信息_网络服务相关设置位置,19
463,reg_info_query_6,reg_info_query,获取注册表信息_浏览器加载项设置位置,20
464,reg_info_query_7,reg_info_query,获取注册表信息_镜像劫持注册表位置,21
465,reg_info_query_8,reg_info_query,获取注册表信息_防火墙设置位置,22
466,reg_info_query_9,reg_info_query,获取注册表信息_系统默认加载DLL位置,23
467,reg_info_query_10,reg_info_query,获取注册表信息_操作系统设置位置,24
468,reg_info_query_11,reg_info_query,获取注册表信息_右键菜单关联设置,25
469,reg_info_query_12,reg_info_query,获取注册表信息_默认网络配置设置,26
470,reg_info_query_13,reg_info_query,获取注册表信息_浏览器安全设置,27
471,reg_info_query_14,reg_info_query,获取注册表信息_系统启动以及设备配置设置,28
472,reg_info_query_x,reg_info_query,获取注册表信息_其他,NULL
473,reg_key_delete_0,reg_key_delete,删除注册表项_自启动项位置,14
474,reg_key_delete_1,reg_key_delete,删除注册表项_文件关联设置位置,15
475,reg_key_delete_2,reg_key_delete,删除注册表项_资源管理器相关设置位置,16
476,reg_key_delete_3,reg_key_delete,删除注册表项_IE浏览器相关设置位置,17
477,reg_key_delete_4,reg_key_delete,删除注册表项_系统服务相关设置位置,18
478,reg_key_delete_5,reg_key_delete,删除注册表项_网络服务相关设置位置,19
479,reg_key_delete_6,reg_key_delete,删除注册表项_浏览器加载项设置位置,20
480,reg_key_delete_7,reg_key_delete,删除注册表项_镜像劫持注册表位置,21
481,reg_key_delete_8,reg_key_delete,删除注册表项_防火墙设置位置,22
482,reg_key_delete_9,reg_key_delete,删除注册表项_系统默认加载DLL位置,23
483,reg_key_delete_10,reg_key_delete,删除注册表项_操作系统设置位置,24
484,reg_key_delete_11,reg_key_delete,删除注册表项_右键菜单关联设置,25
485,reg_key_delete_12,reg_key_delete,删除注册表项_默认网络配置设置,26
486,reg_key_delete_13,reg_key_delete,删除注册表项_浏览器安全设置,27
487,reg_key_delete_14,reg_key_delete,删除注册表项_系统启动以及设备配置设置,28
488,reg_key_delete_15,reg_key_delete,删除注册表项_Windows自动更新设置,47
489,reg_key_delete_16,reg_key_delete,删除注册表项_Explorer设置,48
490,reg_key_delete_x,reg_key_delete,删除注册表项_其他,NULL
491,reg_key_enum,reg_key_enum,枚举注册表值,NULL
492,reg_key_save,reg_key_save,保存注册表键,NULL
493,reg_open,reg_open,打开注册表,NULL
494,reg_value_delete_0,reg_value_delete,删除注册表值_自启动项位置,14
495,reg_value_delete_1,reg_value_delete,删除注册表值_文件关联设置位置,15
496,reg_value_delete_2,reg_value_delete,删除注册表值_资源管理器相关设置位置,16
497,reg_value_delete_3,reg_value_delete,删除注册表值_IE浏览器相关设置位置,17
498,reg_value_delete_4,reg_value_delete,删除注册表值_系统服务相关设置位置,18
499,reg_value_delete_5,reg_value_delete,删除注册表值_网络服务相关设置位置,19
500,reg_value_delete_6,reg_value_delete,删除注册表值_浏览器加载项设置位置,20
501,reg_value_delete_7,reg_value_delete,删除注册表值_镜像劫持注册表位置,21
502,reg_value_delete_8,reg_value_delete,删除注册表值_防火墙设置位置,22
503,reg_value_delete_9,reg_value_delete,删除注册表值_系统默认加载DLL位置,23
504,reg_value_delete_10,reg_value_delete,删除注册表值_操作系统设置位置,24
505,reg_value_delete_11,reg_value_delete,删除注册表值_右键菜单关联设置,25
506,reg_value_delete_12,reg_value_delete,删除注册表值_默认网络配置设置,26
507,reg_value_delete_13,reg_value_delete,删除注册表值_浏览器安全设置,27
508,reg_value_delete_14,reg_value_delete,删除注册表值_系统启动以及设备配置设置,28
509,reg_value_delete_15,reg_value_delete,删除注册表值_Windows自动更新设置,47
510,reg_value_delete_16,reg_value_delete,删除注册表值_Explorer设置,48
511,reg_value_delete_x,reg_value_delete,删除注册表值_其他,NULL
512,reg_value_modify_0,reg_value_modify,修改注册表项_自启动项位置,14
513,reg_value_modify_1,reg_value_modify,修改注册表项_文件关联设置位置,15
514,reg_value_modify_2,reg_value_modify,修改注册表项_资源管理器相关设置位置,16
515,reg_value_modify_3,reg_value_modify,修改注册表项_IE浏览器相关设置位置,17
516,reg_value_modify_4,reg_value_modify,修改注册表项_系统服务相关设置位置,18
517,reg_value_modify_5,reg_value_modify,修改注册表项_网络服务相关设置位置,19
518,reg_value_modify_6,reg_value_modify,修改注册表项_浏览器加载项设置位置,20
519,reg_value_modify_7,reg_value_modify,修改注册表项_镜像劫持注册表位置,21
520,reg_value_modify_8,reg_value_modify,修改注册表项_防火墙设置位置,22
521,reg_value_modify_9,reg_value_modify,修改注册表项_系统默认加载DLL位置,23
522,reg_value_modify_10,reg_value_modify,修改注册表项_操作系统设置位置,24
523,reg_value_modify_11,reg_value_modify,修改注册表项_右键菜单关联设置,25
524,reg_value_modify_12,reg_value_modify,修改注册表项_默认网络配置设置,26
525,reg_value_modify_13,reg_value_modify,修改注册表项_浏览器安全设置,27
526,reg_value_modify_14,reg_value_modify,修改注册表项_系统启动以及设备配置设置,28
527,reg_value_modify_15,reg_value_modify,修改注册表项_Windows自动更新设置,47
528,reg_value_modify_16,reg_value_modify,修改注册表项_Explorer设置,48
529,reg_value_modify_17,reg_value_modify,修改注册表项_禁用任务管理器,49
530,reg_value_modify_18,reg_value_modify,修改注册表项_禁用注册表编辑器,50
531,reg_value_modify_x,reg_value_modify,修改注册表项_其他,NULL
532,reg_value_query,reg_value_query,查询注册表项,NULL
533,commandline_get,commandline_get,获取命令行,NULL
534,currentprocess_get,currentprocess_get,获取当前进程,NULL
535,dll_load_0,dll_load,加载动态链接库_系统动态链接库名,42
536,dll_load_1,dll_load,加载动态链接库_网络相关动态链接库名,43
537,dll_load_x,dll_load,加载动态链接库_其他,NULL
538,event_create,event_create,创建事件,NULL
539,file_maping_create,file_maping_create,创建文件映射,NULL
540,file_mapview,file_mapview,映射文件,NULL
541,file_view_unmap,file_view_unmap,解除文件映射,NULL
542,job_process_terminate,job_process_terminate,结束任务所有相关进程,NULL
543,library_free,library_free,释放动态库,NULL
544,modulefilename_get,modulefilename_get,获取模块名,NULL
545,mutex_create,mutex_create,创建互斥量,NULL
546,privilege_query,privilege_query,查找优先级,NULL
547,proc_address_get,proc_address_get,获取函数地址,NULL
548,process_create_0,process_create,创建进程_自启动项设置文件夹,1
549,process_create_1,process_create,创建进程_系统关键文件夹,2
550,process_create_2,process_create,创建进程_操作系统安装文件夹,3
551,process_create_3,process_create,创建进程_我的文档,4
552,process_create_4,process_create,创建进程_操作系统相关文件夹,5
553,process_create_5,process_create,创建进程_网络临时文件夹,6
554,process_create_6,process_create,创建进程_自身所在文件夹,7
555,process_create_7,process_create,创建进程_驱动程序相关文件夹,8
556,process_create_8,process_create,创建进程_即时通讯工具相关文件夹,9
557,process_create_9,process_create,创建进程_下载工具相关文件夹,10
558,process_create_10,process_create,创建进程_应用程序配置文件夹,11
559,process_create_11,process_create,创建进程_IE浏览器安装文件夹,12
560,process_create_12,process_create,创建进程_临时文件夹,13
561,process_create_13,process_create,创建进程_可执行文件,29
562,process_create_14,process_create,创建进程_服务模块,30
563,process_create_15,process_create,创建进程_脚本文件,31
564,process_create_16,process_create,创建进程_配置文件,32
565,process_create_17,process_create,创建进程_动态链接库文件,33
566,process_create_18,process_create,创建进程_临时文件,34
567,process_create_19,process_create,创建进程_二进制数据文件,35
568,process_create_20,process_create,创建进程_杀毒软件进程名,36
569,process_create_21,process_create,创建进程_系统重要进程名,37
570,process_create_22,process_create,创建进程_系统关键配置文件,38
571,process_create_23,process_create,创建进程_磁盘自动运行配置文件,39
572,process_create_24,process_create,创建进程_IE浏览器进程,40
573,process_create_25,process_create,创建进程_与正常进程混淆的进程名,41
574,process_create_x,process_create,创建进程_其他,NULL
575,process_create_as_user,process_create_as_user,不用用户创建进程,NULL
576,process_exit,process_exit,进程退出,NULL
577,process_info_query,process_info_query,查询进程信息,NULL
578,process_memory_read_0,process_memory_read,读取进程内存_杀毒软件进程名,36
579,process_memory_read_1,process_memory_read,读取进程内存_系统重要进程名,37
580,process_memory_read_2,process_memory_read,读取进程内存_与正常进程混淆的进程名,41
581,process_memory_read_x,process_memory_read,读取进程内存_其他,NULL
582,process_memory_write_0,process_memory_write,写入进程内存_杀毒软件进程名,36
583,process_memory_write_1,process_memory_write,写入进程内存_系统重要进程名,37
584,process_memory_write_2,process_memory_write,写入进程内存_与正常进程混淆的进程名,41
585,process_memory_write_x,process_memory_write,写入进程内存_其他,NULL
586,process_module_enum,process_module_enum,枚举进程模块,NULL
587,process_next,process_next,查找进程,NULL
588,process_open,process_open,打开进程,NULL
589,process_previlege_set,process_previlege_set,修改进程权限,NULL
590,process_priority_set,process_priority_set,设置进程优先级,NULL
591,process_terminate,process_terminate,终止进程,NULL
592,process_token_open,process_token_open,打开进程令牌,NULL
593,process_travers,process_travers,遍历进程,NULL
594,process_winexec_0,process_winexec,创建进程_自启动项设置文件夹,1
595,process_winexec_1,process_winexec,创建进程_系统关键文件夹,2
596,process_winexec_2,process_winexec,创建进程_操作系统安装文件夹,3
597,process_winexec_3,process_winexec,创建进程_我的文档,4
598,process_winexec_4,process_winexec,创建进程_操作系统相关文件夹,5
599,process_winexec_5,process_winexec,创建进程_网络临时文件夹,6
600,process_winexec_6,process_winexec,创建进程_自身所在文件夹,7
601,process_winexec_7,process_winexec,创建进程_驱动程序相关文件夹,8
602,process_winexec_8,process_winexec,创建进程_即时通讯工具相关文件夹,9
603,process_winexec_9,process_winexec,创建进程_下载工具相关文件夹,10
604,process_winexec_10,process_winexec,创建进程_应用程序配置文件夹,11
605,process_winexec_11,process_winexec,创建进程_IE浏览器安装文件夹,12
606,process_winexec_12,process_winexec,创建进程_临时文件夹,13
607,process_winexec_13,process_winexec,创建进程_可执行文件,29
608,process_winexec_14,process_winexec,创建进程_服务模块,30
609,process_winexec_15,process_winexec,创建进程_脚本文件,31
610,process_winexec_16,process_winexec,创建进程_配置文件,32
611,process_winexec_17,process_winexec,创建进程_动态链接库文件,33
612,process_winexec_18,process_winexec,创建进程_临时文件,34
613,process_winexec_19,process_winexec,创建进程_二进制数据文件,35
614,process_winexec_20,process_winexec,创建进程_杀毒软件进程名,36
615,process_winexec_21,process_winexec,创建进程_系统重要进程名,37
616,process_winexec_22,process_winexec,创建进程_系统关键配置文件,38
617,process_winexec_23,process_winexec,创建进程_磁盘自动运行配置文件,39
618,process_winexec_24,process_winexec,创建进程_IE浏览器进程,40
619,process_winexec_25,process_winexec,创建进程_与正常进程混淆的进程名,41
620,process_winexec_x,process_winexec,创建进程_其他,NULL
621,remote_thread_create_0,remote_thread_create,创建远程线程_杀毒软件进程名,36
622,remote_thread_create_1,remote_thread_create,创建远程线程_系统重要进程名,37
623,remote_thread_create_2,remote_thread_create,创建远程线程_与正常进程混淆的进程名,41
624,remote_thread_create_x,remote_thread_create,创建远程线程_其他,NULL
625,SCManager_open,SCManager_open,建立到服务控制器链接,NULL
626,section_create,section_create,创建内存区段,NULL
627,service_config_change,service_config_change,更改服务设置,NULL
628,service_control,service_control,修改服务状态,NULL
629,service_create,service_create,创建服务,NULL
630,service_delete,service_delete,删除服务,NULL
631,service_open,service_open,打开服务,NULL
632,service_start,service_start,启动服务,NULL
633,service_status_query,service_status_query,查询服务信息,NULL
634,service_status_set,service_status_set,修改服务状态,NULL
635,shell_execute_0,shell_execute,创建进程_自启动项设置文件夹,1
636,shell_execute_1,shell_execute,创建进程_系统关键文件夹,2
637,shell_execute_2,shell_execute,创建进程_操作系统安装文件夹,3
638,shell_execute_3,shell_execute,创建进程_我的文档,4
639,shell_execute_4,shell_execute,创建进程_操作系统相关文件夹,5
640,shell_execute_5,shell_execute,创建进程_网络临时文件夹,6
641,shell_execute_6,shell_execute,创建进程_自身所在文件夹,7
642,shell_execute_7,shell_execute,创建进程_驱动程序相关文件夹,8
643,shell_execute_8,shell_execute,创建进程_即时通讯工具相关文件夹,9
644,shell_execute_9,shell_execute,创建进程_下载工具相关文件夹,10
645,shell_execute_10,shell_execute,创建进程_应用程序配置文件夹,11
646,shell_execute_11,shell_execute,创建进程_IE浏览器安装文件夹,12
647,shell_execute_12,shell_execute,创建进程_临时文件夹,13
648,shell_execute_13,shell_execute,创建进程_可执行文件,29
649,shell_execute_14,shell_execute,创建进程_服务模块,30
650,shell_execute_15,shell_execute,创建进程_脚本文件,31
651,shell_execute_16,shell_execute,创建进程_配置文件,32
652,shell_execute_17,shell_execute,创建进程_动态链接库文件,33
653,shell_execute_18,shell_execute,创建进程_临时文件,34
654,shell_execute_19,shell_execute,创建进程_二进制数据文件,35
655,shell_execute_20,shell_execute,创建进程_杀毒软件进程名,36
656,shell_execute_21,shell_execute,创建进程_系统重要进程名,37
657,shell_execute_22,shell_execute,创建进程_系统关键配置文件,38
658,shell_execute_23,shell_execute,创建进程_磁盘自动运行配置文件,39
659,shell_execute_24,shell_execute,创建进程_IE浏览器进程,40
660,shell_execute_25,shell_execute,创建进程_与正常进程混淆的进程名,41
661,shell_execute_x,shell_execute,创建进程_其他,NULL
662,snapshot_create,snapshot_create,创建快照,NULL
663,thread_context_get,thread_context_get,查询线程内容,NULL
664,thread_context_set_0,thread_context_set,设置线程内容_杀毒软件进程名,36
665,thread_context_set_1,thread_context_set,设置线程内容_系统重要进程名,37
666,thread_context_set_2,thread_context_set,设置线程内容_与正常进程混淆的进程名,41
667,thread_context_set_x,thread_context_set,设置线程内容_其他,NULL
668,thread_create,thread_create,创建线程,NULL
669,thread_executionstate_set,thread_executionstate_set,设置进程执行状态,NULL
670,thread_exit,thread_exit,退出线程,NULL
671,thread_priority_get_0,thread_priority_get,获取线程优先级_杀毒软件进程名,36
672,thread_priority_get_1,thread_priority_get,获取线程优先级_系统重要进程名,37
673,thread_priority_get_2,thread_priority_get,获取线程优先级_与正常进程混淆的进程名,41
674,thread_priority_get_x,thread_priority_get,获取线程优先级_其他,NULL
675,thread_priority_set,thread_priority_set,设置线程优先级,NULL
676,thread_priorityboost_set,thread_priorityboost_set,设置线程是否禁止动态调整优先级,NULL
677,thread_resume_0,thread_resume,恢复线程_杀毒软件进程名,36
678,thread_resume_1,thread_resume,恢复线程_系统重要进程名,37
679,thread_resume_2,thread_resume,恢复线程_与正常进程混淆的进程名,41
680,thread_resume_x,thread_resume,恢复线程_其他,NULL
681,thread_suspend,thread_suspend,挂起线程,NULL
682,thread_token_open,thread_token_open,打开线程令牌,NULL
683,thread_travers,thread_travers,遍历线程,NULL
684,tlsvalue_get,tlsvalue_get,获取线程本地存储值,NULL
685,tlsvalue_set,tlsvalue_set,设置TLS值,NULL
686,virtual_alloc,virtual_alloc,申请内存,NULL
687,virtual_allocEx,virtual_allocEx,在其他进程中申请内存,NULL
688,virtual_free,virtual_free,释放内存,NULL
689,virtual_protect,virtual_protect,内存保护,NULL
690,waitforsingleobject,waitforsingleobject,等待同步对象,NULL
691,windowthreadprocessid_get,windowthreadprocessid_get,获取操作系统进程线程ID,NULL
692,broadcast_open,broadcast_open,打开播放器,NULL
693,broadcast_write,broadcast_write,写入播放器,NULL
694,camera_open,camera_open,打开摄像头,NULL
695,clipboard_data_get,clipboard_data_get,获取粘贴板数据,NULL
696,computername_get,computername_get,获取机器名,NULL
697,computername_set,computername_set,设置计算机名,NULL
698,crypt_used,crypt_used,使用加密函数,NULL
699,currentdirectory_get,currentdirectory_get,获取当前目录,NULL
700,currentdirectory_set,currentdirectory_set,设置当前目录,NULL
701,cursor_show,cursor_show,显示光标,NULL
702,debugger_check,debugger_check,查看调试器,NULL
703,debugger_present,debugger_present,检查调试器,NULL
704,defaultconmmconfig_set,defaultconmmconfig_set,设置默认交流设备,NULL
705,desktopwindow_get,desktopwindow_get,获取桌面窗口,NULL
706,device_notify_register,device_notify_register,注册设备消息,NULL
707,deviceIo_control,deviceIo_control,IO设备控制,NULL
708,dialog_create,dialog_create,创建窗口,NULL
709,driver_format,driver_format,硬盘格式化,NULL
710,driver_open,driver_open,打开驱动,NULL
711,enum_child_windows,enum_child_windows,枚举子窗口,NULL
712,environment_variable_set,environment_variable_set,设置环境变量,NULL
713,error_mode_set,error_mode_set,设置出错代码模式,NULL
714,eventlog_clear,eventlog_clear,清楚系统日志,NULL
715,eventlog_open,eventlog_open,打开系统日志,NULL
716,exception_register,exception_register,注册异常处理,NULL
717,globalmemorystatus_get,globalmemorystatus_get,获取当前系统内存状况,NULL
718,group_user_add,group_user_add,添加用户到组,NULL
719,handle_close,handle_close,关闭句柄,NULL
720,handleinformation_get,handleinformation_get,获取句柄信息,NULL
721,handleinformation_set,handleinformation_set,设置句柄信息,NULL
722,hook_set,hook_set,设置钩子,NULL
723,job_add,job_add,添加任务,NULL
724,job_create,job_create,创建作业,NULL
725,keyboard_state_get,keyboard_state_get,获取键盘状态,NULL
726,local_time_get,local_time_get,获取本地时间,NULL
727,local_time_set,local_time_set,设置本地时间,NULL
728,message_post,message_post,投递消息,NULL
729,message_send,message_send,发送消息,NULL
730,MicOpen,MicOpen,打开麦克风,NULL
731,MicReset,MicReset,重置麦克风,NULL
732,MicStop,MicStop,关闭麦克风,NULL
733,modulename_get,modulename_get,获取模块名,NULL
734,namedpipe_create,namedpipe_create,创建命名管道,NULL
735,pipe_create,pipe_create,创建管道,NULL
736,process_assign_to_job,process_assign_to_job,进程绑定到作业,NULL
737,process_heap_get,process_heap_get,查看进程堆信息,NULL
738,resource_find,resource_find,查找资源,NULL
739,resource_load,resource_load,加载资源,NULL
740,securityinfo_set,securityinfo_set,设置对象安全信息,NULL
741,sleep,sleep,休眠,NULL
742,strcmp,strcmp,字符串比较,NULL
743,system_info_get,system_info_get,查询系统参数,NULL
744,system_shutdown_init,system_shutdown_init,关闭系统,NULL
745,system_time_get,system_time_get,获取系统时间,NULL
746,system_time_set,system_time_set,设置系统时间,NULL
747,timer_set,timer_set,设置定时器,NULL
748,timezone_info_get,timezone_info_get,查找时区信息,NULL
749,token_group_adjust,token_group_adjust,设置指定Token的值,NULL
750,user_add,user_add,增加用户,NULL
751,user_name_get,user_name_get,获取用户名,NULL
752,window_create,window_create,创建窗口,NULL
753,window_enable,window_enable,激活窗口,NULL
754,window_find,window_find,查找窗口,NULL
755,window_show,window_show,显示窗口,NULL
756,windows_exit,windows_exit,退出系统,NULL
757,bind,bind,端口绑定,NULL
758,cache_entry_find,cache_entry_find,cache中寻找特定入口,NULL
759,cache_find_close,cache_find_close,关闭cache查找句柄,NULL
760,connect_state_get,connect_state_get,查询链接状态,NULL
761,cookie_get,cookie_get,获取Cookie,NULL
762,dns_query,dns_query,查询DNS,NULL
763,download_resume,download_resume,继续下载任务,NULL
764,ftp_curdirectory_set,ftp_curdirectory_set,ftp设置当前目录,NULL
765,ftp_directory_create,ftp_directory_create,ftp创建目录,NULL
766,ftp_directory_remove,ftp_directory_remove,ftp删除目录,NULL
767,ftp_file_delete,ftp_file_delete,ftp删除文件,NULL
768,ftp_file_find,ftp_file_find,ftp查找文件,NULL
769,ftp_file_get,ftp_file_get,ftp下载文件,NULL
770,ftp_file_open,ftp_file_open,ftp打开文件,NULL
771,ftp_file_put,ftp_file_put,ftp上传文件,NULL
772,ftp_file_rename,ftp_file_rename,ftp重命名文件,NULL
773,hostname_get,hostname_get,查询主机信息,NULL
774,hostname_set,hostname_set,设置主机名,NULL
775,http_info_query,http_info_query,http信息查询,NULL
776,http_request_end,http_request_end,http结束请求,NULL
777,http_request_open,http_request_open,http打开请求,NULL 
778,http_request_send,http_request_send,http发送请求,NULL
779,internet_connect,internet_connect,网络连接,NULL
780,internet_cookie_set,internet_cookie_set,设置URLCookie,NULL
781,internet_file_download,internet_file_download,网络文件下载,NULL
782,internet_file_find,internet_file_find,网络文件查找,NULL
783,internet_file_read,internet_file_read,网络读文件,NULL
784,internet_file_write,internet_file_write,网络写文件,NULL
785,internet_goline,internet_goline,允许用户链接网络,NULL
786,internet_handle_close,internet_handle_close,网络句柄关闭,NULL
787,internet_manager_opreate,internet_manager_opreate,网络管理操作,NULL
788,internet_open,internet_open,创建Wininet连接,NULL
789,internet_option_set,internet_option_set,设置网络选项,NULL
790,internet_url_open,internet_url_open,网络url开启,NULL
791,network_addr_format,network_addr_format,转换网络地址格式,NULL
792,network_assist_operate,network_assist_operate,网络辅助操作,NULL
793,network_bios,network_bios,netbios接口操作,NULL
794,network_cache_operate,network_cache_operate,网络缓存操作,NULL
795,network_data_transfer,network_data_transfer,网络数据传输,NULL
796,network_info_query,network_info_query,查询网络状态,NULL
797,socket_connect,socket_connect,scoket连接,NULL
798,socket_create,socket_create,创建socket接口,NULL
799,socket_listen,socket_listen,socket监听,NULL
800,socket_option_set,socket_option_set,socket选项设置,NULL
801,socket_send,socket_send,发送消息,NULL
802,url_cache_set,url_cache_set,UrlChache设置,NULL
803,url_cacheentry_delete,url_cacheentry_delete,删除缓存文件,NULL
804,url_cacheentry_read,url_cacheentry_read,读取URL缓存,NULL
805,wsa_disconnect,wsa_disconnect,网络连接断开,NULL
806,accessallowedACE_add,accessallowedACE_add,添加允许访问到ACE,NULL
807,accessdeniedACE_add,accessdeniedACE_add,添加拒绝访问到ACE,NULL
808,ACE_add,ACE_add,添加ACE到ACL,NULL
809,aduit_accessACE_add,aduit_accessACE_add,添加系统审计ACE到ACL,NULL
810,encryptedfile_users_add,encryptedfile_users_add,添加用户密钥到指定加密文件,NULL
